gfx,cu_num,M,N,K,bias,dtype,outdtype,scaleAB,bpreshuffle,libtype,solidx,splitK,us,kernelName,err_ratio,tflops,bw
gfx942,80,1,48,2560,False,torch.bfloat16,torch.bfloat16,False,False,skinny,2,0,4.206281155347824,,0,0.05842690750416034,59.666957754574156
gfx942,80,2,48,2560,False,torch.bfloat16,torch.bfloat16,False,False,skinny,2,0,3.410031320527196,,0,0.14413943855624478,75.12892871623019
gfx942,80,4,48,2560,False,torch.bfloat16,torch.bfloat16,False,False,skinny,2,0,4.136249888688326,,0,0.23766455761978597,64.46032207317893
gfx942,80,8,48,2560,False,torch.bfloat16,torch.bfloat16,False,False,opus,10300,0,4.569,opus_gemm_gfx942_wkc_512x16x16x64_1x1_16x16x16_0x0x0,0.0,0.43,62.92
gfx942,80,12,48,2560,False,torch.bfloat16,torch.bfloat16,False,False,opus,10300,0,4.6211,opus_gemm_gfx942_wkc_512x16x16x64_1x1_16x16x16_0x0x0,0.0,0.64,66.73
gfx942,80,16,48,2560,False,torch.bfloat16,torch.bfloat16,False,False,opus,10300,0,4.2918,opus_gemm_gfx942_wkc_512x16x16x64_1x1_16x16x16_0x0x0,0.0,0.92,76.71
gfx942,80,24,48,2560,False,torch.bfloat16,torch.bfloat16,False,False,opus,10300,0,4.6469,opus_gemm_gfx942_wkc_512x16x16x64_1x1_16x16x16_0x0x0,0.0,1.27,79.83
gfx942,80,32,48,2560,False,torch.bfloat16,torch.bfloat16,False,False,opus,10300,0,4.2938,opus_gemm_gfx942_wkc_512x16x16x64_1x1_16x16x16_0x0x0,0.0,1.83,96.11
gfx942,80,1,512,2560,False,torch.bfloat16,torch.bfloat16,False,False,opus,10300,0,5.0758,opus_gemm_gfx942_wkc_512x16x16x64_1x1_16x16x16_0x0x0,0.0,0.52,517.67
gfx942,80,2,512,2560,False,torch.bfloat16,torch.bfloat16,False,False,opus,10300,0,4.9615,opus_gemm_gfx942_wkc_512x16x16x64_1x1_16x16x16_0x0x0,0.0,1.06,530.83
gfx942,80,4,512,2560,False,torch.bfloat16,torch.bfloat16,False,False,opus,10300,0,5.071,opus_gemm_gfx942_wkc_512x16x16x64_1x1_16x16x16_0x0x0,0.0,2.07,521.79
gfx942,80,8,512,2560,False,torch.bfloat16,torch.bfloat16,False,False,opus,10300,0,4.8302,opus_gemm_gfx942_wkc_512x16x16x64_1x1_16x16x16_0x0x0,0.0,4.34,552.89
gfx942,80,12,512,2560,False,torch.bfloat16,torch.bfloat16,False,False,opus,10300,0,5.3598,opus_gemm_gfx942_wkc_512x16x16x64_1x1_16x16x16_0x0x0,0.0,5.87,502.85
gfx942,80,16,512,2560,False,torch.bfloat16,torch.bfloat16,False,False,opus,10300,0,6.023,opus_gemm_gfx942_wkc_512x16x16x64_1x1_16x16x16_0x0x0,0.0,6.96,451.56
gfx942,80,24,512,2560,False,torch.bfloat16,torch.bfloat16,False,False,opus,10300,0,5.4338,opus_gemm_gfx942_wkc_512x16x16x64_1x1_16x16x16_0x0x0,0.0,11.58,509.57
gfx942,80,32,512,2560,False,torch.bfloat16,torch.bfloat16,False,False,opus,10300,0,6.4102,opus_gemm_gfx942_wkc_512x16x16x64_1x1_16x16x16_0x0x0,0.0,13.09,439.62
gfx942,80,1,640,2560,False,torch.bfloat16,torch.bfloat16,False,False,opus,10300,0,5.5343,opus_gemm_gfx942_wkc_512x16x16x64_1x1_16x16x16_0x0x0,0.0,0.59,593.25
gfx942,80,2,640,2560,False,torch.bfloat16,torch.bfloat16,False,False,opus,10300,0,5.697,opus_gemm_gfx942_wkc_512x16x16x64_1x1_16x16x16_0x0x0,0.0,1.15,577.43
gfx942,80,4,640,2560,False,torch.bfloat16,torch.bfloat16,False,False,opus,10300,0,5.7378,opus_gemm_gfx942_wkc_512x16x16x64_1x1_16x16x16_0x0x0,0.0,2.28,575.55
gfx942,80,8,640,2560,False,torch.bfloat16,torch.bfloat16,False,False,opus,10300,0,5.5325,opus_gemm_gfx942_wkc_512x16x16x64_1x1_16x16x16_0x0x0,0.0,4.74,601.54
gfx942,80,12,640,2560,False,torch.bfloat16,torch.bfloat16,False,False,opus,10300,0,5.6091,opus_gemm_gfx942_wkc_512x16x16x64_1x1_16x16x16_0x0x0,0.0,7.01,597.89
gfx942,80,16,640,2560,False,torch.bfloat16,torch.bfloat16,False,False,torch,0,0,6.393812596797943,None,0,8.19992754029992,528.5109547458933
gfx942,80,24,640,2560,False,torch.bfloat16,torch.bfloat16,False,False,opus,10300,0,5.6102,opus_gemm_gfx942_wkc_512x16x16x64_1x1_16x16x16_0x0x0,0.0,14.02,611.46
gfx942,80,32,640,2560,False,torch.bfloat16,torch.bfloat16,False,False,opus,10300,0,6.6423,opus_gemm_gfx942_wkc_512x16x16x64_1x1_16x16x16_0x0x0,0.0,15.79,524.16
gfx942,80,1,2560,2560,False,torch.bfloat16,torch.bfloat16,False,False,opus,10305,0,7.032,opus_gemm_gfx942_wkc_512x16x32x64_1x1_16x16x16_0x0x0,0.0,1.86,1865.39
gfx942,80,2,2560,2560,False,torch.bfloat16,torch.bfloat16,False,False,opus,10305,0,7.0751,opus_gemm_gfx942_wkc_512x16x32x64_1x1_16x16x16_0x0x0,0.0,3.71,1855.48
gfx942,80,4,2560,2560,False,torch.bfloat16,torch.bfloat16,False,False,opus,10305,0,7.2652,opus_gemm_gfx942_wkc_512x16x32x64_1x1_16x16x16_0x0x0,0.0,7.22,1809.75
gfx942,80,8,2560,2560,False,torch.bfloat16,torch.bfloat16,False,False,opus,10305,0,7.3822,opus_gemm_gfx942_wkc_512x16x32x64_1x1_16x16x16_0x0x0,0.0,14.2,1786.61
gfx942,80,12,2560,2560,False,torch.bfloat16,torch.bfloat16,False,False,opus,10305,0,7.9398,opus_gemm_gfx942_wkc_512x16x32x64_1x1_16x16x16_0x0x0,0.0,19.81,1666.3
gfx942,80,16,2560,2560,False,torch.bfloat16,torch.bfloat16,False,False,opus,10305,0,8.108,opus_gemm_gfx942_wkc_512x16x32x64_1x1_16x16x16_0x0x0,0.0,25.87,1636.78
gfx942,80,24,2560,2560,False,torch.bfloat16,torch.bfloat16,False,False,opus,10303,0,9.7383,opus_gemm_gfx942_wkc_256x32x32x64_1x1_16x16x16_0x0x0,0.0,32.3,1371.18
gfx942,80,32,2560,2560,False,torch.bfloat16,torch.bfloat16,False,False,torch,0,0,10.769757357510654,None,0,38.94520424896073,1247.4635735995234
gfx942,80,1,2560,3072,False,torch.bfloat16,torch.bfloat16,False,False,opus,10305,0,8.2574,opus_gemm_gfx942_wkc_512x16x32x64_1x1_16x16x16_0x0x0,0.0,1.9,1906.16
gfx942,80,2,2560,3072,False,torch.bfloat16,torch.bfloat16,False,False,opus,10305,0,8.2357,opus_gemm_gfx942_wkc_512x16x32x64_1x1_16x16x16_0x0x0,0.0,3.82,1912.55
gfx942,80,4,2560,3072,False,torch.bfloat16,torch.bfloat16,False,False,opus,10305,0,8.3168,opus_gemm_gfx942_wkc_512x16x32x64_1x1_16x16x16_0x0x0,0.0,7.56,1896.61
gfx942,80,8,2560,3072,False,torch.bfloat16,torch.bfloat16,False,False,opus,10305,0,8.6225,opus_gemm_gfx942_wkc_512x16x32x64_1x1_16x16x16_0x0x0,0.0,14.59,1834.59
gfx942,80,12,2560,3072,False,torch.bfloat16,torch.bfloat16,False,False,opus,10305,0,8.6559,opus_gemm_gfx942_wkc_512x16x32x64_1x1_16x16x16_0x0x0,0.0,21.81,1832.72
gfx942,80,16,2560,3072,False,torch.bfloat16,torch.bfloat16,False,False,opus,10305,0,9.1914,opus_gemm_gfx942_wkc_512x16x32x64_1x1_16x16x16_0x0x0,0.0,27.38,1730.84
gfx942,80,24,2560,3072,False,torch.bfloat16,torch.bfloat16,False,False,opus,10303,0,11.406,opus_gemm_gfx942_wkc_256x32x32x64_1x1_16x16x16_0x0x0,0.0,33.1,1402.68
gfx942,80,32,2560,3072,False,torch.bfloat16,torch.bfloat16,False,False,hipblaslt,205427,0,11.6333,Cijk_Alik_Bljk_BBS_BH_UserArgs_MT32x32x256_MI32x32x1_SN_LDSB1_AFC0_AFEM1_AFEM1_ASEM1_CLR1_CADS0_DTLA0_DTLB0_DTVA0_DTVB0_EPS0_FDSI0_GRPM1_GRVWA8_GRVWB8_GSUAMB_GLS0_ISA942_IU1_K1_LDSTI0_LBSPPA512_LBSPPB512_LBSPPM0_LPA8_LPB8_LPM0_LRVW8_LWPMn1_MIAV1_MIWT1_1_MO40_NTn1_NTA0_NTB0_NTC3_NTD3_NTM0_NEPBS0_NLCA1_NLCB1_ONLL1_PGR2_PLR1_PKA1_SIA3_SS1_SPO0_SRVW0_SSO0_SVW1_SK0_SKFTR0_SKXCCM0_TLDS1_ULSGRO0_USL1_UIOFGRO0_USFGROn1_VSn1_VWA1_VWB1_WSGRA0_WSGRB0_WS64_WG32_2_4,0.0,43.27,1383.02
gfx942,80,1,6656,2560,False,torch.bfloat16,torch.bfloat16,False,False,hipblaslt,197785,0,16.4736,Cijk_Alik_Bljk_BBS_BH_Bias_HA_S_SAV_UserArgs_MT32x16x128_MI16x16x1_SN_LDSB1_AFC1_AFEM1_AFEM1_ASEM1_CLR1_CADS0_DTLA0_DTLB0_DTVA0_DTVB0_EPS0_FDSI0_GRPM1_GRVWA8_GRVWB8_GSUAMBSK_GLS0_ISA942_IU1_K1_LDSTI0_LBSPPA256_LBSPPB256_LBSPPM0_LPA16_LPB16_LPM0_LRVW8_LWPMn1_MIAV0_MIWT1_1_MO40_NTn1_NTA0_NTB0_NTC0_NTD4_NTM0_NEPBS8_NLCA1_NLCB1_ONLL1_PGR2_PLR1_PKA1_SIA3_SS1_SPO0_SRVW0_SSO0_SVW1_SK0_SKFTR0_SKXCCM0_TLDS1_ULSGRO0_USL1_UIOFGRO0_USFGROn1_VSn1_VWA1_VWB1_WSGRA0_WSGRB0_WS64_WG32_4_1,0.0,2.07,2069.81
gfx942,80,2,6656,2560,False,torch.bfloat16,torch.bfloat16,False,False,hipblaslt,197785,0,16.7247,Cijk_Alik_Bljk_BBS_BH_Bias_HA_S_SAV_UserArgs_MT32x16x128_MI16x16x1_SN_LDSB1_AFC1_AFEM1_AFEM1_ASEM1_CLR1_CADS0_DTLA0_DTLB0_DTVA0_DTVB0_EPS0_FDSI0_GRPM1_GRVWA8_GRVWB8_GSUAMBSK_GLS0_ISA942_IU1_K1_LDSTI0_LBSPPA256_LBSPPB256_LBSPPM0_LPA16_LPB16_LPM0_LRVW8_LWPMn1_MIAV0_MIWT1_1_MO40_NTn1_NTA0_NTB0_NTC0_NTD4_NTM0_NEPBS8_NLCA1_NLCB1_ONLL1_PGR2_PLR1_PKA1_SIA3_SS1_SPO0_SRVW0_SSO0_SVW1_SK0_SKFTR0_SKXCCM0_TLDS1_ULSGRO0_USL1_UIOFGRO0_USFGROn1_VSn1_VWA1_VWB1_WSGRA0_WSGRB0_WS64_WG32_4_1,0.0,4.08,2039.83
gfx942,80,4,6656,2560,False,torch.bfloat16,torch.bfloat16,False,False,hipblaslt,197788,0,17.1554,Cijk_Alik_Bljk_BBS_BH_Bias_HA_S_SAV_UserArgs_MT32x16x128_MI16x16x1_SN_LDSB1_AFC1_AFEM1_AFEM1_ASEM1_CLR1_CADS0_DTLA0_DTLB0_DTVA0_DTVB0_EPS0_FDSI0_GRPM1_GRVWA8_GRVWB8_GSUAMBSK_GLS0_ISA942_IU1_K1_LDSTI0_LBSPPA256_LBSPPB256_LBSPPM0_LPA16_LPB16_LPM0_LRVW8_LWPMn1_MIAV0_MIWT1_1_MO40_NTn1_NTA0_NTB0_NTC0_NTD4_NTM0_NEPBS8_NLCA1_NLCB1_ONLL1_PGR2_PLR1_PKA1_SIA3_SS0_SPO0_SRVW0_SSO0_SVW1_SK0_SKFTR0_SKXCCM0_TLDS1_ULSGRO0_USL1_UIOFGRO0_USFGROn1_VSn1_VWA1_VWB1_WSGRA0_WSGRB0_WS64_WG32_4_1,0.0,7.95,1990.77
gfx942,80,8,6656,2560,False,torch.bfloat16,torch.bfloat16,False,False,hipblaslt,197785,0,17.334,Cijk_Alik_Bljk_BBS_BH_Bias_HA_S_SAV_UserArgs_MT32x16x128_MI16x16x1_SN_LDSB1_AFC1_AFEM1_AFEM1_ASEM1_CLR1_CADS0_DTLA0_DTLB0_DTVA0_DTVB0_EPS0_FDSI0_GRPM1_GRVWA8_GRVWB8_GSUAMBSK_GLS0_ISA942_IU1_K1_LDSTI0_LBSPPA256_LBSPPB256_LBSPPM0_LPA16_LPB16_LPM0_LRVW8_LWPMn1_MIAV0_MIWT1_1_MO40_NTn1_NTA0_NTB0_NTC0_NTD4_NTM0_NEPBS8_NLCA1_NLCB1_ONLL1_PGR2_PLR1_PKA1_SIA3_SS1_SPO0_SRVW0_SSO0_SVW1_SK0_SKFTR0_SKXCCM0_TLDS1_ULSGRO0_USL1_UIOFGRO0_USFGROn1_VSn1_VWA1_VWB1_WSGRA0_WSGRB0_WS64_WG32_4_1,0.0,15.73,1974.51
gfx942,80,12,6656,2560,False,torch.bfloat16,torch.bfloat16,False,False,hipblaslt,197785,0,17.6572,Cijk_Alik_Bljk_BBS_BH_Bias_HA_S_SAV_UserArgs_MT32x16x128_MI16x16x1_SN_LDSB1_AFC1_AFEM1_AFEM1_ASEM1_CLR1_CADS0_DTLA0_DTLB0_DTVA0_DTVB0_EPS0_FDSI0_GRPM1_GRVWA8_GRVWB8_GSUAMBSK_GLS0_ISA942_IU1_K1_LDSTI0_LBSPPA256_LBSPPB256_LBSPPM0_LPA16_LPB16_LPM0_LRVW8_LWPMn1_MIAV0_MIWT1_1_MO40_NTn1_NTA0_NTB0_NTC0_NTD4_NTM0_NEPBS8_NLCA1_NLCB1_ONLL1_PGR2_PLR1_PKA1_SIA3_SS1_SPO0_SRVW0_SSO0_SVW1_SK0_SKFTR0_SKXCCM0_TLDS1_ULSGRO0_USL1_UIOFGRO0_USFGROn1_VSn1_VWA1_VWB1_WSGRA0_WSGRB0_WS64_WG32_4_1,0.0,23.16,1942.54
gfx942,80,16,6656,2560,False,torch.bfloat16,torch.bfloat16,False,False,hipblaslt,197785,0,18.5881,Cijk_Alik_Bljk_BBS_BH_Bias_HA_S_SAV_UserArgs_MT32x16x128_MI16x16x1_SN_LDSB1_AFC1_AFEM1_AFEM1_ASEM1_CLR1_CADS0_DTLA0_DTLB0_DTVA0_DTVB0_EPS0_FDSI0_GRPM1_GRVWA8_GRVWB8_GSUAMBSK_GLS0_ISA942_IU1_K1_LDSTI0_LBSPPA256_LBSPPB256_LBSPPM0_LPA16_LPB16_LPM0_LRVW8_LWPMn1_MIAV0_MIWT1_1_MO40_NTn1_NTA0_NTB0_NTC0_NTD4_NTM0_NEPBS8_NLCA1_NLCB1_ONLL1_PGR2_PLR1_PKA1_SIA3_SS1_SPO0_SRVW0_SSO0_SVW1_SK0_SKFTR0_SKXCCM0_TLDS1_ULSGRO0_USL1_UIOFGRO0_USFGROn1_VSn1_VWA1_VWB1_WSGRA0_WSGRB0_WS64_WG32_4_1,0.0,29.33,1849.23
gfx942,80,24,6656,2560,False,torch.bfloat16,torch.bfloat16,False,False,hipblaslt,205424,0,19.3662,Cijk_Alik_Bljk_BBS_BH_UserArgs_MT96x32x128_MI16x16x1_SN_LDSB1_AFC0_AFEM1_AFEM1_ASEM1_CLR1_CADS0_DTLA0_DTLB0_DTVA0_DTVB0_EPS0_FDSI0_GRPM1_GRVWA8_GRVWB8_GSUAMB_GLS0_ISA942_IU1_K1_LDSTI0_LBSPPA256_LBSPPB256_LBSPPM0_LPA16_LPB16_LPM0_LRVW8_LWPMn1_MIAV1_MIWT3_1_MO40_NTn1_NTA0_NTB0_NTC0_NTD0_NTM0_NEPBS0_NLCA1_NLCB1_ONLL1_PGR2_PLR1_PKA1_SIA3_SS1_SPO0_SRVW0_SSO0_SVW1_SK0_SKFTR0_SKXCCM0_TLDS1_ULSGRO0_USL1_UIOFGRO0_USFGROn1_VSn1_VWA1_VWB1_WSGRA0_WSGRB0_WS64_WG32_8_1,0.0,42.23,1782.54
gfx942,80,32,6656,2560,False,torch.bfloat16,torch.bfloat16,False,False,hipblaslt,205424,0,19.7033,Cijk_Alik_Bljk_BBS_BH_UserArgs_MT96x32x128_MI16x16x1_SN_LDSB1_AFC0_AFEM1_AFEM1_ASEM1_CLR1_CADS0_DTLA0_DTLB0_DTVA0_DTVB0_EPS0_FDSI0_GRPM1_GRVWA8_GRVWB8_GSUAMB_GLS0_ISA942_IU1_K1_LDSTI0_LBSPPA256_LBSPPB256_LBSPPM0_LPA16_LPB16_LPM0_LRVW8_LWPMn1_MIAV1_MIWT3_1_MO40_NTn1_NTA0_NTB0_NTC0_NTD0_NTM0_NEPBS0_NLCA1_NLCB1_ONLL1_PGR2_PLR1_PKA1_SIA3_SS1_SPO0_SRVW0_SSO0_SVW1_SK0_SKFTR0_SKXCCM0_TLDS1_ULSGRO0_USL1_UIOFGRO0_USFGROn1_VSn1_VWA1_VWB1_WSGRA0_WSGRB0_WS64_WG32_8_1,0.0,55.35,1759.53
gfx942,80,1,8192,2560,False,torch.bfloat16,torch.bfloat16,False,False,hipblaslt,205418,0,18.4514,Cijk_Alik_Bljk_BBS_BH_UserArgs_MT32x16x256_MI16x16x1_SN_LDSB1_AFC0_AFEM1_AFEM1_ASEM1_CLR1_CADS0_DTLA0_DTLB0_DTVA0_DTVB0_EPS0_FDSI0_GRPM1_GRVWA8_GRVWB8_GSUAMB_GLS0_ISA942_IU1_K1_LDSTI0_LBSPPA1024_LBSPPB512_LBSPPM0_LPA16_LPB16_LPM0_LRVW8_LWPMn1_MIAV1_MIWT2_1_MO40_NTn1_NTA0_NTB0_NTC0_NTD0_NTM0_NEPBS0_NLCA1_NLCB1_ONLL1_PGR2_PLR1_PKA1_SIA3_SS1_SPO1_SRVW0_SSO0_SVW2_SK0_SKFTR0_SKXCCM0_TLDS1_ULSGRO0_USL1_UIOFGRO0_USFGROn1_VSn1_VWA2_VWB1_WSGRA0_WSGRB0_WS64_WG16_4_4,0.0,2.27,2274.33
gfx942,80,2,8192,2560,False,torch.bfloat16,torch.bfloat16,False,False,hipblaslt,205418,0,18.86,Cijk_Alik_Bljk_BBS_BH_UserArgs_MT32x16x256_MI16x16x1_SN_LDSB1_AFC0_AFEM1_AFEM1_ASEM1_CLR1_CADS0_DTLA0_DTLB0_DTVA0_DTVB0_EPS0_FDSI0_GRPM1_GRVWA8_GRVWB8_GSUAMB_GLS0_ISA942_IU1_K1_LDSTI0_LBSPPA1024_LBSPPB512_LBSPPM0_LPA16_LPB16_LPM0_LRVW8_LWPMn1_MIAV1_MIWT2_1_MO40_NTn1_NTA0_NTB0_NTC0_NTD0_NTM0_NEPBS0_NLCA1_NLCB1_ONLL1_PGR2_PLR1_PKA1_SIA3_SS1_SPO1_SRVW0_SSO0_SVW2_SK0_SKFTR0_SKXCCM0_TLDS1_ULSGRO0_USL1_UIOFGRO0_USFGROn1_VSn1_VWA2_VWB1_WSGRA0_WSGRB0_WS64_WG16_4_4,0.0,4.45,2226.2
gfx942,80,4,8192,2560,False,torch.bfloat16,torch.bfloat16,False,False,hipblaslt,205418,0,19.1337,Cijk_Alik_Bljk_BBS_BH_UserArgs_MT32x16x256_MI16x16x1_SN_LDSB1_AFC0_AFEM1_AFEM1_ASEM1_CLR1_CADS0_DTLA0_DTLB0_DTVA0_DTVB0_EPS0_FDSI0_GRPM1_GRVWA8_GRVWB8_GSUAMB_GLS0_ISA942_IU1_K1_LDSTI0_LBSPPA1024_LBSPPB512_LBSPPM0_LPA16_LPB16_LPM0_LRVW8_LWPMn1_MIAV1_MIWT2_1_MO40_NTn1_NTA0_NTB0_NTC0_NTD0_NTM0_NEPBS0_NLCA1_NLCB1_ONLL1_PGR2_PLR1_PKA1_SIA3_SS1_SPO1_SRVW0_SSO0_SVW2_SK0_SKFTR0_SKXCCM0_TLDS1_ULSGRO0_USL1_UIOFGRO0_USFGROn1_VSn1_VWA2_VWB1_WSGRA0_WSGRB0_WS64_WG16_4_4,0.0,8.77,2196.6
gfx942,80,8,8192,2560,False,torch.bfloat16,torch.bfloat16,False,False,hipblaslt,205418,0,19.5846,Cijk_Alik_Bljk_BBS_BH_UserArgs_MT32x16x256_MI16x16x1_SN_LDSB1_AFC0_AFEM1_AFEM1_ASEM1_CLR1_CADS0_DTLA0_DTLB0_DTVA0_DTVB0_EPS0_FDSI0_GRPM1_GRVWA8_GRVWB8_GSUAMB_GLS0_ISA942_IU1_K1_LDSTI0_LBSPPA1024_LBSPPB512_LBSPPM0_LPA16_LPB16_LPM0_LRVW8_LWPMn1_MIAV1_MIWT2_1_MO40_NTn1_NTA0_NTB0_NTC0_NTD0_NTM0_NEPBS0_NLCA1_NLCB1_ONLL1_PGR2_PLR1_PKA1_SIA3_SS1_SPO1_SRVW0_SSO0_SVW2_SK0_SKFTR0_SKXCCM0_TLDS1_ULSGRO0_USL1_UIOFGRO0_USFGROn1_VSn1_VWA2_VWB1_WSGRA0_WSGRB0_WS64_WG16_4_4,0.0,17.13,2150.42
gfx942,80,12,8192,2560,False,torch.bfloat16,torch.bfloat16,False,False,torch,0,0,17.1675942838192,None,0,29.317822385538655,2458.182975571328
gfx942,80,16,8192,2560,False,torch.bfloat16,torch.bfloat16,False,False,torch,0,0,16.97009429335594,None,0,39.54536895312018,2491.8602848633586
gfx942,80,24,8192,2560,False,torch.bfloat16,torch.bfloat16,False,False,torch,0,0,20.426375791430473,None,0,49.28103596440809,2078.6426546510997
gfx942,80,32,8192,2560,False,torch.bfloat16,torch.bfloat16,False,False,torch,0,0,19.847625866532326,None,0,67.62407196838693,2147.922793722446
gfx942,80,1,10240,2560,False,torch.bfloat16,torch.bfloat16,False,False,torch,0,0,19.187999494148023,None,0,2.7323744727004917,2733.7086399234895
gfx942,80,2,10240,2560,False,torch.bfloat16,torch.bfloat16,False,False,torch,0,0,19.25830226955992,None,0,5.444799782052447,2725.0584846698043
gfx942,80,4,10240,2560,False,torch.bfloat16,torch.bfloat16,False,False,torch,0,0,19.27284760908647,None,0,10.881381114699764,2725.658453047353
gfx942,80,8,10240,2560,False,torch.bfloat16,torch.bfloat16,False,False,torch,0,0,19.328576145750105,None,0,21.700015398817815,2723.097635496181
gfx942,80,12,10240,2560,False,torch.bfloat16,torch.bfloat16,False,False,torch,0,0,17.362515131632488,None,0,36.235856108990205,3037.3479648649018
gfx942,80,16,10240,2560,False,torch.bfloat16,torch.bfloat16,False,False,torch,0,0,17.18554532889164,None,0,48.81199775428373,3074.583842921192
gfx942,80,24,10240,2560,False,torch.bfloat16,torch.bfloat16,False,False,torch,0,0,22.501940077001397,None,0,55.919231661543,2357.272298232363
gfx942,80,32,10240,2560,False,torch.bfloat16,torch.bfloat16,False,False,torch,0,0,20.112848643100623,None,0,83.41541418477857,2647.4618759817417
